{"cameraMode":{"drawMode":0,"name":"Shaded","section":"Shading Mode"},"sceneLighting":true,"audioPlay":false,"sceneViewState":{"showFog":true,"showMaterialUpdate":false,"showSkybox":false,"showFlares":true,"showImageEffects":true,"showParticleSystems":true},"in2DMode":false,"pivot":{"x":-0.13018319010734559,"y":1.0158034563064576,"z":0.19256548583507539},"rotation":{"x":0.06421548873186112,"y":0.8150423765182495,"z":-0.09208475798368454,"w":0.5684361457824707},"size":1.8626737594604493,"orthographic":false}