{"cameraMode":{"drawMode":0,"name":"Shaded","section":"Shading Mode"},"sceneLighting":false,"audioPlay":false,"sceneViewState":{"showFog":true,"showMaterialUpdate":false,"showSkybox":false,"showFlares":true,"showImageEffects":true,"showParticleSystems":true},"in2DMode":false,"pivot":{"x":-0.07021421194076538,"y":1.0413029193878174,"z":0.009454429149627686},"rotation":{"x":0.06421548873186112,"y":0.8150423765182495,"z":-0.09208475798368454,"w":0.5684361457824707},"size":1.2350295782089234,"orthographic":false}